"Net Name","Pass/Fail","Operation","Driver Comp Ref Des & Pin Name","Receiver Comp Ref Des & Pin Name","Rise Rail Overshoot, [mV]","Rise Rail Overshoot Limit, [mV]","Rise Rail Overshoot Margin, [mV]","Rise Rail Overshoot, [Pass/Fail]","Rise Rail Overshoot Trace Point, [ns]","Fall Rail Undershoot, [mV]","Fall Rail Undershoot Limit, [mV]","Fall Rail Undershoot Margin, [mV]","Fall Rail Undershoot, [Pass/Fail]","Fall Rail Undershoot Trace Point, [ns]","Rise Rail Overshoot Area, [V*ns]","Rise Rail Overshoot Area Limit, [V*ns]","Rise Rail Overshoot Area Margin, [V*ns]","Rise Rail Overshoot Area, [Pass/Fail]","Rise Rail Overshoot Area Trace Point, [ns]","Fall Rail Undershoot Area, [V*ns]","Fall Rail Undershoot Area Limit, [V*ns]","Fall Rail Undershoot Area Margin, [V*ns]","Fall Rail Undershoot Area, [Pass/Fail]","Fall Rail Undershoot Area Trace Point, [ns]","Rise Rail Overshoot Area (2), [V*ns]","Rise Rail Overshoot Area (2) Limit, [V*ns]","Rise Rail Overshoot Area (2) Margin, [V*ns]","Rise Rail Overshoot Area (2), [Pass/Fail]","Rise Rail Overshoot Area (2) Trace Point, [ns]","Fall Rail Undershoot Area (2), [V*ns]","Fall Rail Undershoot Area (2) Limit, [V*ns]","Fall Rail Undershoot Area (2) Margin, [V*ns]","Fall Rail Undershoot Area (2), [Pass/Fail]","Fall Rail Undershoot Area (2) Trace Point, [ns]","Monotonic, [Pass/Fail]","Monotonic Trace Point, [ns]","VIH/L(AC) Min Limit, [Pass/Fail]","VIH/L(AC) Min Limit, Trace Point, [ns]","VIH/L(DC) Monotonicity, [Pass/Fail]","VIH/L(DC) Monotonicity Trace Point, [ns]","Vref Threshold Multi Cross, [Pass/Fail]","Max Slew Time, [ps]","Max Slew Time, [Pass/Fail]","VIX Limit Low, mV","VIX Limit Hi, mV","VIX Margin, mV","VIX, [Pass/Fail]","VIX Trace Point, [ns]","VID(AC) Limit, mV","VID(AC) Margin, mV","VID(AC), [Pass/Fail]","VID(AC) Trace Point, [ns]","VID(DC) Limit, mV","VID(DC), [Pass/Fail]","VID(DC) Trace Point, [ns]","Vdd/2, mV","VSEL Limit, mV","VSEL Margin, mV","VSEL, [Pass/Fail]","VSEL Trace Point, [ns]","VSEH Limit, mV","VSEH Margin, mV","VSEH, [Pass/Fail]","VSEH Trace Point, [ns]","TVAC/TDVAC Min Time Over AC, ps","TVAC/TDVAC Time Limit, ps","TVAC/TDVAC Margin, ps","TVAC/TDVAC, [Pass/Fail]","TVAC/TDVAC Trace Point, [ns]"
"DDR_CLK_P","Pass","Write rank(1,1)","U1.L1&L2","U2.K7&K8","   0.0"," 300.0"," 300.0","Pass","N/A","   0.0"," 300.0"," 300.0","Pass","N/A","0.0000","0.1125","0.1125","Pass","N/A","0.0000","0.1144","0.1144","Pass","N/A","0.0000","0.0038","0.0038","Pass","N/A","N/A","N/A","N/A","N/A","N/A","Pass","N/A","N/A","N/A","N/A","N/A","Pass","  41.9","Pass"," 480.0"," 720.0","  92.0","Pass","78.535"," 180.0"," 547.9","Pass"," 1.971"," 150.0","Pass","N/A"," 600.0"," 500.0"," 278.1","Pass"," 1.971"," 700.0"," 249.8","Pass"," 1.971","   582","   120","   462","Pass"," 1.348"
"DDR_LDQS_P","Pass","Write rank(1,1)","U1.E1&E2","U2.G3&F3","  27.1"," 400.0"," 372.9","Pass"," 2.729","   0.0"," 400.0"," 400.0","Pass","N/A","0.0031","0.1050","0.1019","Pass","80.240","0.0000","0.1050","0.1050","Pass","N/A","0.0000","0.0150","0.0150","Pass","N/A","0.0000","0.0150","0.0150","Pass","N/A","Pass","N/A","N/A","N/A","N/A","N/A","Pass","N/A","N/A"," 671.8","1025.0"," 161.6","Pass"," 1.705","N/A","N/A","N/A","N/A","N/A","N/A","N/A","N/A","N/A","N/A","N/A","N/A","N/A","N/A","N/A","N/A","N/A","N/A","N/A","N/A","N/A"
"DDR_UDQS_P","Pass","Write rank(1,1)","U1.V1&V2","U2.B7&A7","  25.6"," 400.0"," 374.4","Pass"," 2.108","   0.0"," 400.0"," 400.0","Pass","N/A","0.0028","0.1050","0.1022","Pass"," 2.054","0.0000","0.1050","0.1050","Pass","N/A","0.0000","0.0150","0.0150","Pass","N/A","0.0000","0.0150","0.0150","Pass","N/A","Pass","N/A","N/A","N/A","N/A","N/A","Pass","N/A","N/A"," 683.0","1021.5"," 153.7","Pass","38.553","N/A","N/A","N/A","N/A","N/A","N/A","N/A","N/A","N/A","N/A","N/A","N/A","N/A","N/A","N/A","N/A","N/A","N/A","N/A","N/A","N/A"
"DDR_A0","Pass","Write rank(1,1)","U1.J1","U2.P3"," 146.6"," 300.0"," 153.4","Pass","43.407"," 206.9"," 300.0","  93.1","Pass","44.647","0.0347","0.2550","0.2203","Pass","58.309","0.0615","0.2644","0.2029","Pass","30.799","0.0000","0.0083","0.0083","Pass","N/A","N/A","N/A","N/A","N/A","N/A","Pass","N/A","Pass","N/A","Pass","N/A","Pass","  27.9","Pass","N/A","N/A","N/A","N/A","N/A","N/A","N/A","N/A","N/A","N/A","N/A","N/A","N/A","N/A","N/A","N/A","N/A","N/A","N/A","N/A","N/A","N/A","N/A","N/A","N/A","N/A"
"DDR_A1","Pass","Write rank(1,1)","U1.J2","U2.P7"," 205.0"," 300.0","  95.0","Pass","68.419"," 269.4"," 300.0","  30.6","Pass","40.903","0.0423","0.2550","0.2127","Pass","79.585","0.0677","0.2644","0.1967","Pass","67.069","0.0000","0.0083","0.0083","Pass","N/A","N/A","N/A","N/A","N/A","N/A","Pass","N/A","Pass","N/A","Pass","N/A","Pass","  30.2","Pass","N/A","N/A","N/A","N/A","N/A","N/A","N/A","N/A","N/A","N/A","N/A","N/A","N/A","N/A","N/A","N/A","N/A","N/A","N/A","N/A","N/A","N/A","N/A","N/A","N/A","N/A"
"DDR_A10","Pass","Write rank(1,1)","U1.R5","U2.M3"," 125.9"," 300.0"," 174.1","Pass","68.279"," 207.8"," 300.0","  92.2","Pass","20.766","0.0262","0.2550","0.2288","Pass","68.269","0.0487","0.2644","0.2157","Pass","20.754","0.0000","0.0083","0.0083","Pass","N/A","N/A","N/A","N/A","N/A","N/A","Pass","N/A","Pass","N/A","Pass","N/A","Pass","  30.2","Pass","N/A","N/A","N/A","N/A","N/A","N/A","N/A","N/A","N/A","N/A","N/A","N/A","N/A","N/A","N/A","N/A","N/A","N/A","N/A","N/A","N/A","N/A","N/A","N/A","N/A","N/A"
"DDR_A11","Pass","Write rank(1,1)","U1.P5","U2.T2"," 141.4"," 300.0"," 158.6","Pass","62.051"," 218.5"," 300.0","  81.5","Pass"," 7.036","0.0285","0.2550","0.2265","Pass","69.536","0.0507","0.2644","0.2137","Pass","78.270","0.0000","0.0083","0.0083","Pass","N/A","N/A","N/A","N/A","N/A","N/A","Pass","N/A","Pass","N/A","Pass","N/A","Pass","  37.2","Pass","N/A","N/A","N/A","N/A","N/A","N/A","N/A","N/A","N/A","N/A","N/A","N/A","N/A","N/A","N/A","N/A","N/A","N/A","N/A","N/A","N/A","N/A","N/A","N/A","N/A","N/A"
"DDR_A12","Pass","Write rank(1,1)","U1.R6","U2.M7"," 131.5"," 300.0"," 168.5","Pass"," 3.288"," 209.8"," 300.0","  90.2","Pass","32.022","0.0269","0.2550","0.2281","Pass"," 3.268","0.0487","0.2644","0.2157","Pass","32.005","0.0000","0.0083","0.0083","Pass","N/A","N/A","N/A","N/A","N/A","N/A","Pass","N/A","Pass","N/A","Pass","N/A","Pass","  32.6","Pass","N/A","N/A","N/A","N/A","N/A","N/A","N/A","N/A","N/A","N/A","N/A","N/A","N/A","N/A","N/A","N/A","N/A","N/A","N/A","N/A","N/A","N/A","N/A","N/A","N/A","N/A"
"DDR_A13","Pass","Write rank(1,1)","U1.R1","U2.T8"," 162.3"," 300.0"," 137.7","Pass","78.445"," 214.4"," 300.0","  85.6","Pass"," 9.681","0.0427","0.2550","0.2123","Pass","78.347","0.0706","0.2644","0.1938","Pass"," 9.585","0.0000","0.0083","0.0083","Pass","N/A","N/A","N/A","N/A","N/A","N/A","Pass","N/A","Pass","N/A","Pass","N/A","Pass","  30.2","Pass","N/A","N/A","N/A","N/A","N/A","N/A","N/A","N/A","N/A","N/A","N/A","N/A","N/A","N/A","N/A","N/A","N/A","N/A","N/A","N/A","N/A","N/A","N/A","N/A","N/A","N/A"
"DDR_A14_WEn","Pass","Write rank(1,1)","U1.N3","U2.L2"," 127.1"," 300.0"," 172.9","Pass","24.623"," 199.6"," 300.0"," 100.4","Pass","45.864","0.0295","0.2550","0.2255","Pass","27.046","0.0532","0.2644","0.2112","Pass","62.031","0.0000","0.0083","0.0083","Pass","N/A","N/A","N/A","N/A","N/A","N/A","Pass","N/A","Pass","N/A","Pass","N/A","Pass","  30.2","Pass","N/A","N/A","N/A","N/A","N/A","N/A","N/A","N/A","N/A","N/A","N/A","N/A","N/A","N/A","N/A","N/A","N/A","N/A","N/A","N/A","N/A","N/A","N/A","N/A","N/A","N/A"
"DDR_A15_CAS","Pass","Write rank(1,1)","U1.M4","U2.M8"," 151.4"," 300.0"," 148.6","Pass"," 4.560"," 217.4"," 300.0","  82.6","Pass","63.300","0.0320","0.2550","0.2230","Pass","10.797","0.0538","0.2644","0.2106","Pass","27.032","0.0000","0.0083","0.0083","Pass","N/A","N/A","N/A","N/A","N/A","N/A","Pass","N/A","Pass","N/A","Pass","N/A","Pass","  32.6","Pass","N/A","N/A","N/A","N/A","N/A","N/A","N/A","N/A","N/A","N/A","N/A","N/A","N/A","N/A","N/A","N/A","N/A","N/A","N/A","N/A","N/A","N/A","N/A","N/A","N/A","N/A"
"DDR_A16_RAS","Pass","Write rank(1,1)","U1.M5","U2.L8"," 155.5"," 300.0"," 144.5","Pass","54.561"," 224.1"," 300.0","  75.9","Pass","39.549","0.0329","0.2550","0.2221","Pass","27.048","0.0566","0.2644","0.2078","Pass","25.780","0.0000","0.0083","0.0083","Pass","N/A","N/A","N/A","N/A","N/A","N/A","Pass","N/A","Pass","N/A","Pass","N/A","Pass","  32.6","Pass","N/A","N/A","N/A","N/A","N/A","N/A","N/A","N/A","N/A","N/A","N/A","N/A","N/A","N/A","N/A","N/A","N/A","N/A","N/A","N/A","N/A","N/A","N/A","N/A","N/A","N/A"
"DDR_A2","Pass","Write rank(1,1)","U1.K3","U2.R3"," 169.0"," 300.0"," 131.0","Pass","53.407"," 235.0"," 300.0","  65.0","Pass","69.647","0.0392","0.2550","0.2158","Pass","53.326","0.0644","0.2644","0.2000","Pass","52.061","0.0000","0.0083","0.0083","Pass","N/A","N/A","N/A","N/A","N/A","N/A","Pass","N/A","Pass","N/A","Pass","N/A","Pass","  30.2","Pass","N/A","N/A","N/A","N/A","N/A","N/A","N/A","N/A","N/A","N/A","N/A","N/A","N/A","N/A","N/A","N/A","N/A","N/A","N/A","N/A","N/A","N/A","N/A","N/A","N/A","N/A"
"DDR_A3","Pass","Write rank(1,1)","U1.L5","U2.N7"," 146.3"," 300.0"," 153.7","Pass","48.298"," 218.4"," 300.0","  81.6","Pass","62.039","0.0307","0.2550","0.2243","Pass","63.285","0.0535","0.2644","0.2109","Pass","42.020","0.0000","0.0083","0.0083","Pass","N/A","N/A","N/A","N/A","N/A","N/A","Pass","N/A","Pass","N/A","Pass","N/A","Pass","  30.2","Pass","N/A","N/A","N/A","N/A","N/A","N/A","N/A","N/A","N/A","N/A","N/A","N/A","N/A","N/A","N/A","N/A","N/A","N/A","N/A","N/A","N/A","N/A","N/A","N/A","N/A","N/A"
"DDR_A4","Pass","Write rank(1,1)","U1.K4","U2.N3"," 160.7"," 300.0"," 139.3","Pass","59.559"," 227.8"," 300.0","  72.2","Pass"," 5.807","0.0349","0.2550","0.2201","Pass","59.550","0.0583","0.2644","0.2061","Pass","10.784","0.0000","0.0083","0.0083","Pass","N/A","N/A","N/A","N/A","N/A","N/A","Pass","N/A","Pass","N/A","Pass","N/A","Pass","  30.2","Pass","N/A","N/A","N/A","N/A","N/A","N/A","N/A","N/A","N/A","N/A","N/A","N/A","N/A","N/A","N/A","N/A","N/A","N/A","N/A","N/A","N/A","N/A","N/A","N/A","N/A","N/A"
"DDR_A5","Pass","Write rank(1,1)","U1.K1","U2.P8"," 165.1"," 300.0"," 134.9","Pass","27.215"," 216.6"," 300.0","  83.4","Pass","40.955","0.0432","0.2550","0.2118","Pass","42.114","0.0706","0.2644","0.1938","Pass"," 3.353","0.0000","0.0083","0.0083","Pass","N/A","N/A","N/A","N/A","N/A","N/A","Pass","N/A","Pass","N/A","Pass","N/A","Pass","  32.6","Pass","N/A","N/A","N/A","N/A","N/A","N/A","N/A","N/A","N/A","N/A","N/A","N/A","N/A","N/A","N/A","N/A","N/A","N/A","N/A","N/A","N/A","N/A","N/A","N/A","N/A","N/A"
"DDR_A6","Pass","Write rank(1,1)","U1.R2","U2.P2"," 156.5"," 300.0"," 143.5","Pass","42.150"," 224.2"," 300.0","  75.8","Pass","47.134","0.0354","0.2550","0.2196","Pass"," 4.574","0.0601","0.2644","0.2043","Pass","73.309","0.0000","0.0083","0.0083","Pass","N/A","N/A","N/A","N/A","N/A","N/A","Pass","N/A","Pass","N/A","Pass","N/A","Pass","  27.9","Pass","N/A","N/A","N/A","N/A","N/A","N/A","N/A","N/A","N/A","N/A","N/A","N/A","N/A","N/A","N/A","N/A","N/A","N/A","N/A","N/A","N/A","N/A","N/A","N/A","N/A","N/A"
"DDR_A7","Pass","Write rank(1,1)","U1.P2","U2.R8"," 179.9"," 300.0"," 120.1","Pass","22.190"," 235.7"," 300.0","  64.3","Pass","35.929","0.0450","0.2550","0.2100","Pass","22.099","0.0710","0.2644","0.1934","Pass","42.090","0.0000","0.0083","0.0083","Pass","N/A","N/A","N/A","N/A","N/A","N/A","Pass","N/A","Pass","N/A","Pass","N/A","Pass","  32.6","Pass","N/A","N/A","N/A","N/A","N/A","N/A","N/A","N/A","N/A","N/A","N/A","N/A","N/A","N/A","N/A","N/A","N/A","N/A","N/A","N/A","N/A","N/A","N/A","N/A","N/A","N/A"
"DDR_A8","Pass","Write rank(1,1)","U1.P1","U2.R2"," 187.8"," 300.0"," 112.2","Pass","38.451"," 241.3"," 300.0","  58.7","Pass","53.435","0.0489","0.2550","0.2061","Pass","48.360","0.0759","0.2644","0.1885","Pass","42.100","0.0000","0.0083","0.0083","Pass","N/A","N/A","N/A","N/A","N/A","N/A","Pass","N/A","Pass","N/A","Pass","N/A","Pass","  30.2","Pass","N/A","N/A","N/A","N/A","N/A","N/A","N/A","N/A","N/A","N/A","N/A","N/A","N/A","N/A","N/A","N/A","N/A","N/A","N/A","N/A","N/A","N/A","N/A","N/A","N/A","N/A"
"DDR_A9","Pass","Write rank(1,1)","U1.P4","U2.R7"," 153.1"," 300.0"," 146.9","Pass","15.805"," 219.0"," 300.0","  81.0","Pass","73.298","0.0328","0.2550","0.2222","Pass"," 3.297","0.0549","0.2644","0.2095","Pass","62.031","0.0000","0.0083","0.0083","Pass","N/A","N/A","N/A","N/A","N/A","N/A","Pass","N/A","Pass","N/A","Pass","N/A","Pass","  30.2","Pass","N/A","N/A","N/A","N/A","N/A","N/A","N/A","N/A","N/A","N/A","N/A","N/A","N/A","N/A","N/A","N/A","N/A","N/A","N/A","N/A","N/A","N/A","N/A","N/A","N/A","N/A"
"DDR_ACTn","Pass","Write rank(1,1)","U1.N6","U2.L3"," 111.6"," 300.0"," 188.4","Pass","44.487"," 182.3"," 300.0"," 117.7","Pass","41.969","0.0182","0.2550","0.2368","Pass","44.475","0.0365","0.2644","0.2279","Pass","61.952","0.0000","0.0083","0.0083","Pass","N/A","N/A","N/A","N/A","N/A","N/A","Pass","N/A","Pass","N/A","Pass","N/A","Pass","  30.2","Pass","N/A","N/A","N/A","N/A","N/A","N/A","N/A","N/A","N/A","N/A","N/A","N/A","N/A","N/A","N/A","N/A","N/A","N/A","N/A","N/A","N/A","N/A","N/A","N/A","N/A","N/A"
"DDR_BA0","Pass","Write rank(1,1)","U1.M1","U2.N2"," 137.7"," 300.0"," 162.3","Pass","47.209"," 193.9"," 300.0"," 106.1","Pass"," 7.194","0.0370","0.2550","0.2180","Pass","73.353","0.0637","0.2644","0.2007","Pass","27.091","0.0000","0.0083","0.0083","Pass","N/A","N/A","N/A","N/A","N/A","N/A","Pass","N/A","Pass","N/A","Pass","N/A","Pass","  32.6","Pass","N/A","N/A","N/A","N/A","N/A","N/A","N/A","N/A","N/A","N/A","N/A","N/A","N/A","N/A","N/A","N/A","N/A","N/A","N/A","N/A","N/A","N/A","N/A","N/A","N/A","N/A"
"DDR_BA1","Pass","Write rank(1,1)","U1.N1","U2.N8"," 143.6"," 300.0"," 156.4","Pass","47.216"," 197.5"," 300.0"," 102.5","Pass","35.950","0.0394","0.2550","0.2156","Pass","47.108","0.0659","0.2644","0.1985","Pass","55.847","0.0000","0.0083","0.0083","Pass","N/A","N/A","N/A","N/A","N/A","N/A","Pass","N/A","Pass","N/A","Pass","N/A","Pass","  32.6","Pass","N/A","N/A","N/A","N/A","N/A","N/A","N/A","N/A","N/A","N/A","N/A","N/A","N/A","N/A","N/A","N/A","N/A","N/A","N/A","N/A","N/A","N/A","N/A","N/A","N/A","N/A"
"DDR_BG0","Pass","Write rank(1,1)","U1.T4","U2.M2"," 137.9"," 300.0"," 162.1","Pass","64.503"," 209.4"," 300.0","  90.6","Pass","54.501","0.0320","0.2550","0.2230","Pass","43.275","0.0536","0.2644","0.2108","Pass","57.010","0.0000","0.0083","0.0083","Pass","N/A","N/A","N/A","N/A","N/A","N/A","Pass","N/A","Pass","N/A","Pass","N/A","Pass","  32.6","Pass","N/A","N/A","N/A","N/A","N/A","N/A","N/A","N/A","N/A","N/A","N/A","N/A","N/A","N/A","N/A","N/A","N/A","N/A","N/A","N/A","N/A","N/A","N/A","N/A","N/A","N/A"
"DDR_CKE","Pass","Write rank(1,1)","U1.H2","U2.K2","  97.3"," 300.0"," 202.7","Pass","43.395"," 156.7"," 300.0"," 143.3","Pass","42.113","0.0175","0.2550","0.2375","Pass"," 3.518","0.0460","0.2644","0.2184","Pass","42.238","0.0000","0.0083","0.0083","Pass","N/A","N/A","N/A","N/A","N/A","N/A","Pass","N/A","Pass","N/A","Pass","N/A","Pass","  76.8","Pass","N/A","N/A","N/A","N/A","N/A","N/A","N/A","N/A","N/A","N/A","N/A","N/A","N/A","N/A","N/A","N/A","N/A","N/A","N/A","N/A","N/A","N/A","N/A","N/A","N/A","N/A"
"DDR_CSn","Pass","Write rank(1,1)","U1.L6","U2.L7"," 123.1"," 300.0"," 176.9","Pass","14.537"," 192.3"," 300.0"," 107.7","Pass","67.018","0.0191","0.2550","0.2359","Pass","14.530","0.0392","0.2644","0.2252","Pass","15.739","0.0000","0.0083","0.0083","Pass","N/A","N/A","N/A","N/A","N/A","N/A","Pass","N/A","Pass","N/A","Pass","N/A","Pass","  30.2","Pass","N/A","N/A","N/A","N/A","N/A","N/A","N/A","N/A","N/A","N/A","N/A","N/A","N/A","N/A","N/A","N/A","N/A","N/A","N/A","N/A","N/A","N/A","N/A","N/A","N/A","N/A"
"DDR_DQ0","Pass","Write rank(1,1)","U1.F4","U2.G2"," 117.3"," 400.0"," 282.7","Pass","46.152"," 190.8"," 400.0"," 209.2","Pass"," 3.620","0.0203","0.1050","0.0847","Pass","71.160","0.0459","0.1050","0.0591","Pass"," 3.608","0.0000","0.0150","0.0150","Pass","N/A","0.0000","0.0150","0.0150","Pass","N/A","Pass","N/A","Pass","N/A","N/A","N/A","Pass","N/A","N/A","N/A","N/A","N/A","N/A","N/A","N/A","N/A","N/A","N/A","N/A","N/A","N/A","N/A","N/A","N/A","N/A","N/A","N/A","N/A","N/A","N/A","N/A","N/A","N/A","N/A","N/A"
"DDR_DQ1","Pass","Write rank(1,1)","U1.H6","U2.F7"," 117.0"," 400.0"," 283.0","Pass","44.933"," 190.3"," 400.0"," 209.7","Pass","59.873","0.0223","0.1050","0.0827","Pass","44.917","0.0476","0.1050","0.0574","Pass","59.863","0.0000","0.0150","0.0150","Pass","N/A","0.0000","0.0150","0.0150","Pass","N/A","Pass","N/A","Pass","N/A","N/A","N/A","Pass","N/A","N/A","N/A","N/A","N/A","N/A","N/A","N/A","N/A","N/A","N/A","N/A","N/A","N/A","N/A","N/A","N/A","N/A","N/A","N/A","N/A","N/A","N/A","N/A","N/A","N/A","N/A","N/A"
"DDR_DQ10","Pass","Write rank(1,1)","U1.U2","U2.C3"," 145.4"," 400.0"," 254.6","Pass","80.574"," 213.0"," 400.0"," 187.0","Pass","46.185","0.0292","0.1050","0.0758","Pass","38.648","0.0566","0.1050","0.0484","Pass"," 4.855","0.0000","0.0150","0.0150","Pass","N/A","0.0000","0.0150","0.0150","Pass","N/A","Pass","N/A","Pass","N/A","N/A","N/A","Pass","N/A","N/A","N/A","N/A","N/A","N/A","N/A","N/A","N/A","N/A","N/A","N/A","N/A","N/A","N/A","N/A","N/A","N/A","N/A","N/A","N/A","N/A","N/A","N/A","N/A","N/A","N/A","N/A"
"DDR_DQ11","Pass","Write rank(1,1)","U1.V5","U2.C7"," 152.7"," 400.0"," 247.3","Pass","55.545"," 228.1"," 400.0"," 171.9","Pass","32.409","0.0288","0.1050","0.0762","Pass","51.142","0.0531","0.1050","0.0519","Pass","16.722","0.0000","0.0150","0.0150","Pass","N/A","0.0000","0.0150","0.0150","Pass","N/A","Pass","N/A","Pass","N/A","N/A","N/A","Pass","N/A","N/A","N/A","N/A","N/A","N/A","N/A","N/A","N/A","N/A","N/A","N/A","N/A","N/A","N/A","N/A","N/A","N/A","N/A","N/A","N/A","N/A","N/A","N/A","N/A","N/A","N/A","N/A"
"DDR_DQ12","Pass","Write rank(1,1)","U1.W2","U2.C2"," 162.3"," 400.0"," 237.7","Pass","66.820"," 226.6"," 400.0"," 173.4","Pass","71.807","0.0325","0.1050","0.0725","Pass","70.529","0.0599","0.1050","0.0451","Pass","55.485","0.0000","0.0150","0.0150","Pass","N/A","0.0000","0.0150","0.0150","Pass","N/A","Pass","N/A","Pass","N/A","N/A","N/A","Pass","N/A","N/A","N/A","N/A","N/A","N/A","N/A","N/A","N/A","N/A","N/A","N/A","N/A","N/A","N/A","N/A","N/A","N/A","N/A","N/A","N/A","N/A","N/A","N/A","N/A","N/A","N/A","N/A"
"DDR_DQ13","Pass","Write rank(1,1)","U1.V6","U2.C8"," 149.2"," 400.0"," 250.8","Pass","33.062"," 216.0"," 400.0"," 184.0","Pass","64.296","0.0294","0.1050","0.0756","Pass","49.891","0.0539","0.1050","0.0511","Pass","40.475","0.0000","0.0150","0.0150","Pass","N/A","0.0000","0.0150","0.0150","Pass","N/A","Pass","N/A","Pass","N/A","N/A","N/A","Pass","N/A","N/A","N/A","N/A","N/A","N/A","N/A","N/A","N/A","N/A","N/A","N/A","N/A","N/A","N/A","N/A","N/A","N/A","N/A","N/A","N/A","N/A","N/A","N/A","N/A","N/A","N/A","N/A"
"DDR_DQ14","Pass","Write rank(1,1)","U1.Y1","U2.D3"," 188.9"," 400.0"," 211.1","Pass","41.234"," 280.0"," 400.0"," 120.0","Pass","41.822","0.0415","0.1050","0.0635","Pass","20.516","0.0747","0.1050","0.0303","Pass","74.279","0.0000","0.0150","0.0150","Pass","N/A","0.0000","0.0150","0.0150","Pass","N/A","Pass","N/A","Pass","N/A","N/A","N/A","Pass","N/A","N/A","N/A","N/A","N/A","N/A","N/A","N/A","N/A","N/A","N/A","N/A","N/A","N/A","N/A","N/A","N/A","N/A","N/A","N/A","N/A","N/A","N/A","N/A","N/A","N/A","N/A","N/A"
"DDR_DQ15","Pass","Write rank(1,1)","U1.W1","U2.D7"," 145.7"," 400.0"," 254.3","Pass","60.578"," 223.4"," 400.0"," 176.6","Pass","34.933","0.0311","0.1050","0.0739","Pass"," 4.288","0.0601","0.1050","0.0449","Pass","72.999","0.0000","0.0150","0.0150","Pass","N/A","0.0000","0.0150","0.0150","Pass","N/A","Pass","N/A","Pass","N/A","N/A","N/A","Pass","N/A","N/A","N/A","N/A","N/A","N/A","N/A","N/A","N/A","N/A","N/A","N/A","N/A","N/A","N/A","N/A","N/A","N/A","N/A","N/A","N/A","N/A","N/A","N/A","N/A","N/A","N/A","N/A"
"DDR_DQ2","Pass","Write rank(1,1)","U1.E3","U2.H3"," 122.4"," 400.0"," 277.6","Pass","19.381"," 194.1"," 400.0"," 205.9","Pass","19.958","0.0282","0.1050","0.0768","Pass","76.137","0.0589","0.1050","0.0461","Pass","36.772","0.0000","0.0150","0.0150","Pass","N/A","0.0000","0.0150","0.0150","Pass","N/A","Pass","N/A","Pass","N/A","N/A","N/A","Pass","N/A","N/A","N/A","N/A","N/A","N/A","N/A","N/A","N/A","N/A","N/A","N/A","N/A","N/A","N/A","N/A","N/A","N/A","N/A","N/A","N/A","N/A","N/A","N/A","N/A","N/A","N/A","N/A"
"DDR_DQ3","Pass","Write rank(1,1)","U1.F3","U2.H7"," 119.9"," 400.0"," 280.1","Pass","46.232"," 190.8"," 400.0"," 209.2","Pass"," 4.916","0.0242","0.1050","0.0808","Pass","43.684","0.0539","0.1050","0.0511","Pass","10.510","0.0000","0.0150","0.0150","Pass","N/A","0.0000","0.0150","0.0150","Pass","N/A","Pass","N/A","Pass","N/A","N/A","N/A","Pass","N/A","N/A","N/A","N/A","N/A","N/A","N/A","N/A","N/A","N/A","N/A","N/A","N/A","N/A","N/A","N/A","N/A","N/A","N/A","N/A","N/A","N/A","N/A","N/A","N/A","N/A","N/A","N/A"
"DDR_DQ4","Pass","Write rank(1,1)","U1.F1","U2.H2"," 105.6"," 400.0"," 294.4","Pass","10.635"," 176.4"," 400.0"," 223.6","Pass","11.222","0.0252","0.1050","0.0798","Pass"," 6.764","0.0560","0.1050","0.0490","Pass","37.399","0.0000","0.0150","0.0150","Pass","N/A","0.0000","0.0150","0.0150","Pass","N/A","Pass","N/A","Pass","N/A","N/A","N/A","Pass","N/A","N/A","N/A","N/A","N/A","N/A","N/A","N/A","N/A","N/A","N/A","N/A","N/A","N/A","N/A","N/A","N/A","N/A","N/A","N/A","N/A","N/A","N/A","N/A","N/A","N/A","N/A","N/A"
"DDR_DQ5","Pass","Write rank(1,1)","U1.G5","U2.H8","  92.2"," 400.0"," 307.8","Pass"," 9.886"," 165.1"," 400.0"," 234.9","Pass","63.624","0.0150","0.1050","0.0900","Pass"," 9.880","0.0348","0.1050","0.0702","Pass","76.089","0.0000","0.0150","0.0150","Pass","N/A","0.0000","0.0150","0.0150","Pass","N/A","Pass","N/A","Pass","N/A","N/A","N/A","Pass","N/A","N/A","N/A","N/A","N/A","N/A","N/A","N/A","N/A","N/A","N/A","N/A","N/A","N/A","N/A","N/A","N/A","N/A","N/A","N/A","N/A","N/A","N/A","N/A","N/A","N/A","N/A","N/A"
"DDR_DQ6","Pass","Write rank(1,1)","U1.G2","U2.J3"," 113.0"," 400.0"," 287.0","Pass","71.199"," 180.2"," 400.0"," 219.8","Pass","11.794","0.0217","0.1050","0.0833","Pass"," 8.049","0.0489","0.1050","0.0561","Pass","45.501","0.0000","0.0150","0.0150","Pass","N/A","0.0000","0.0150","0.0150","Pass","N/A","Pass","N/A","Pass","N/A","N/A","N/A","Pass","N/A","N/A","N/A","N/A","N/A","N/A","N/A","N/A","N/A","N/A","N/A","N/A","N/A","N/A","N/A","N/A","N/A","N/A","N/A","N/A","N/A","N/A","N/A","N/A","N/A","N/A","N/A","N/A"
"DDR_DQ7","Pass","Write rank(1,1)","U1.F2","U2.J7"," 122.9"," 400.0"," 277.1","Pass"," 3.139"," 195.0"," 400.0"," 205.0","Pass","12.473","0.0290","0.1050","0.0760","Pass","80.519","0.0597","0.1050","0.0453","Pass","52.404","0.0000","0.0150","0.0150","Pass","N/A","0.0000","0.0150","0.0150","Pass","N/A","Pass","N/A","Pass","N/A","N/A","N/A","Pass","N/A","N/A","N/A","N/A","N/A","N/A","N/A","N/A","N/A","N/A","N/A","N/A","N/A","N/A","N/A","N/A","N/A","N/A","N/A","N/A","N/A","N/A","N/A","N/A","N/A","N/A","N/A","N/A"
"DDR_DQ8","Pass","Write rank(1,1)","U1.U1","U2.A3"," 127.0"," 400.0"," 273.0","Pass","44.135"," 212.4"," 400.0"," 187.6","Pass","68.703","0.0344","0.1050","0.0706","Pass","49.938","0.0691","0.1050","0.0359","Pass","20.518","0.0000","0.0150","0.0150","Pass","N/A","0.0000","0.0150","0.0150","Pass","N/A","Pass","N/A","Pass","N/A","N/A","N/A","Pass","N/A","N/A","N/A","N/A","N/A","N/A","N/A","N/A","N/A","N/A","N/A","N/A","N/A","N/A","N/A","N/A","N/A","N/A","N/A","N/A","N/A","N/A","N/A","N/A","N/A","N/A","N/A","N/A"
"DDR_DQ9","Pass","Write rank(1,1)","U1.U3","U2.B8"," 165.9"," 400.0"," 234.1","Pass"," 2.443"," 234.9"," 400.0"," 165.1","Pass"," 3.679","0.0326","0.1050","0.0724","Pass","62.402","0.0596","0.1050","0.0454","Pass","61.110","0.0000","0.0150","0.0150","Pass","N/A","0.0000","0.0150","0.0150","Pass","N/A","Pass","N/A","Pass","N/A","N/A","N/A","Pass","N/A","N/A","N/A","N/A","N/A","N/A","N/A","N/A","N/A","N/A","N/A","N/A","N/A","N/A","N/A","N/A","N/A","N/A","N/A","N/A","N/A","N/A","N/A","N/A","N/A","N/A","N/A","N/A"
"DDR_LDM","Pass","Write rank(1,1)","U1.H5","U2.E7","  25.8"," 400.0"," 374.2","Pass","19.903","   0.0"," 400.0"," 400.0","Pass","N/A","0.0025","0.1050","0.1025","Pass"," 1.737","0.0000","0.1050","0.1050","Pass","N/A","0.0000","0.0150","0.0150","Pass","N/A","0.0000","0.0150","0.0150","Pass","N/A","Pass","N/A","Pass","N/A","N/A","N/A","Pass","N/A","N/A","N/A","N/A","N/A","N/A","N/A","N/A","N/A","N/A","N/A","N/A","N/A","N/A","N/A","N/A","N/A","N/A","N/A","N/A","N/A","N/A","N/A","N/A","N/A","N/A","N/A","N/A"
"DDR_ODT","Pass","Write rank(1,1)","U1.H1","U2.K3"," 155.3"," 300.0"," 144.7","Pass","45.978"," 224.2"," 300.0","  75.8","Pass","22.211","0.0460","0.2550","0.2090","Pass","79.650","0.0730","0.2644","0.1914","Pass","47.139","0.0000","0.0083","0.0083","Pass","N/A","N/A","N/A","N/A","N/A","N/A","Pass","N/A","Pass","N/A","Pass","N/A","Pass","  30.2","Pass","N/A","N/A","N/A","N/A","N/A","N/A","N/A","N/A","N/A","N/A","N/A","N/A","N/A","N/A","N/A","N/A","N/A","N/A","N/A","N/A","N/A","N/A","N/A","N/A","N/A","N/A"
"DDR_PARITY","Pass","Write rank(1,1)","U1.T1","U2.T3"," 238.1"," 300.0","  61.9","Pass","33.414"," 296.7"," 300.0","   3.3","Pass","32.153","0.0460","0.2550","0.2090","Pass"," 7.096","0.0712","0.2644","0.1932","Pass","57.080","0.0000","0.0083","0.0083","Pass","N/A","N/A","N/A","N/A","N/A","N/A","Pass","N/A","Pass","N/A","Pass","N/A","Pass","  30.2","Pass","N/A","N/A","N/A","N/A","N/A","N/A","N/A","N/A","N/A","N/A","N/A","N/A","N/A","N/A","N/A","N/A","N/A","N/A","N/A","N/A","N/A","N/A","N/A","N/A","N/A","N/A"
"DDR_UDM","Pass","Write rank(1,1)","U1.W5","U2.E2","  22.6"," 400.0"," 377.4","Pass","18.081","   0.0"," 400.0"," 400.0","Pass","N/A","0.0017","0.1050","0.1033","Pass","65.605","0.0000","0.1050","0.1050","Pass","N/A","0.0000","0.0150","0.0150","Pass","N/A","0.0000","0.0150","0.0150","Pass","N/A","Pass","N/A","Pass","N/A","N/A","N/A","Pass","N/A","N/A","N/A","N/A","N/A","N/A","N/A","N/A","N/A","N/A","N/A","N/A","N/A","N/A","N/A","N/A","N/A","N/A","N/A","N/A","N/A","N/A","N/A","N/A","N/A","N/A","N/A","N/A"
